ID,Release Date,Movie,DirectorID_1,DirectorID_2,CertificateID,GenreID_1,GenreID_2,GenreID_3,Metascore,Gross,Awards,Nominations,Duration,Synopsis
1,2000-03-17,Erin Brockovich,182,,5,4,8,,73,125550000,13,38,131,An unemployed single mother becomes a legal assistant and almost single-handedly brings down a California power company accused of polluting a city's water supply.
2,2000-05-05,Gladiator,162,,5,1,2,8,64,187670000,18,51,155,"When a Roman general is betrayed and his family murdered by an emperor's corrupt son, he comes to Rome as a gladiator to seek revenge."
3,2000-05-24,Mission: Impossible II,100,,3,1,2,19,59,215400000,1,2,123,"A secret agent is sent to Sydney, to find and destroy a genetically modified disease called ""Chimera""."
4,2000-06-23,Chicken Run,150,143,1,3,2,5,88,106790000,5,11,84,"When a cockerel apparently flies into a chicken farm, the chickens see him as an opportunity to escape their evil owners."
5,2000-06-28,The Patriot,167,,5,1,8,11,63,113330000,0,2,165,Peaceful farmer Benjamin Martin is driven to lead the Colonial Militia during the American Revolution when a sadistic British officer murders his son.
6,2000-06-30,The Perfect Storm,196,,3,1,2,8,59,182620000,1,7,130,An unusually intense storm pattern catches some commercial fishermen unaware and puts them in mortal danger.
7,2000-07-14,X-Men,27,,3,1,2,17,64,157300000,0,3,104,Two mutants come to a private academy for their kind whose resident superhero team must oppose a terrorist organization with similar powers.
8,2000-10-06,Meet the Parents,88,,3,5,16,,73,166230000,1,2,108,"Male nurse Greg Focker meets his girlfriend's parents before proposing, but her suspicious father is every date's worst nightmare."
9,2000-11-03,Charlie's Angels,133,,3,1,2,5,52,125310000,0,1,98,"Three women, detectives with a mysterious boss, retrieve stolen voice-ID software, using martial arts, tech skills, and sex appeal."
10,2000-12-22,Cast Away,166,,3,2,8,16,73,233630000,6,15,143,A FedEx executive must transform himself physically and emotionally to survive a crash landing on a deserted island.
11,2001-01-05,Traffic,182,,5,6,8,19,86,124110000,18,47,147,"A conservative judge is appointed by the President to spearhead America's escalating war against drugs, only to discover that his teenage daughter is a crack addict. Two DEA agents protect an informant. A jailed drug baron's wife attempts to carry on the family business."
12,2001-01-12,"Crouching Tiger, Hidden Dragon",12,,3,1,2,10,93,128070000,28,66,120,"Two warriors in pursuit of a stolen sword and a notorious fugitive are led to an impetuous, physically skilled, adolescent nobleman's daughter, who is at a crossroads in her life."
13,2001-02-09,Hannibal,162,,5,6,8,19,57,165090000,0,0,131,"Living in exile, Hannibal Lecter tries to reconnect with now disgraced FBI agent Clarice Starling and finds himself a target for revenge from a powerful victim."
14,2001-05-18,Shrek,8,193,2,3,2,5,84,267650000,9,22,90,"After his swamp is filled with magical creatures, Shrek agrees to rescue Princess Fiona for a villainous lord in order to get his land back."
15,2001-06-22,The Fast and the Furious,163,,3,1,6,19,58,144510000,1,1,106,Los Angeles police officer Brian O'Connor must decide where his loyalty really lies when he becomes enamored with the street racing world he has been sent undercover to destroy.
16,2001-07-27,Planet of the Apes,185,,3,1,2,17,50,180010000,0,5,119,"An Air Force astronaut crash lands on a mysterious planet where evolved, talking apes dominate a race of primitive humans."
17,2001-08-03,The Princess Diaries,68,,1,5,9,16,52,108240000,0,1,111,"Mia Thermopolis has just found out that she is the heir apparent to the throne of Genovia. With her friends Lilly and Michael Moscovitz in tow, she tries to navigate through the rest of her 16th year."
18,2001-11-02,"Monsters, Inc.",147,,1,3,2,5,78,289910000,1,8,92,"In order to power the city, monsters have to scare children so that they scream. However, the children are toxic to the monsters, and after a child gets through, 2 monsters realize things may not be what they think."
19,2001-11-16,Harry Potter and the Sorcerer's Stone,32,,2,2,9,10,64,317560000,2,25,152,"Rescued from the outrageous neglect of his aunt and uncle, a young boy with a great destiny proves his worth while attending Hogwarts School of Witchcraft and Wizardry."
20,2001-12-07,Ocean's Eleven,182,,3,6,19,,74,183410000,0,6,116,Danny Ocean and his eleven accomplices plan to rob three Las Vegas casinos simultaneously.
21,2001-12-19,The Lord of the Rings: The Fellowship of the Ring,149,,3,2,8,10,92,313840000,26,67,178,A meek Hobbit from the Shire and eight companions set out on a journey to destroy the powerful One Ring and save Middle Earth from the Dark Lord Sauron.
22,2002-01-04,A Beautiful Mind,169,,3,4,8,,72,170710000,15,31,135,"After John Nash, a brilliant but asocial mathematician, accepts secret work in cryptography, his life takes a turn for the nightmarish."
23,2002-01-18,Black Hawk Down,162,,5,8,11,20,74,108640000,1,10,142,160 elite U.S. soldiers drop into Somalia to capture two top lieutenants of a renegade warlord and find themselves in a desperate battle with a large force of heavily-armed Somalis.
24,2002-03-15,Ice Age,36,,2,3,2,5,60,176390000,0,4,81,"Set during the Ice Age, a sabertooth tiger, a sloth, and a wooly mammoth find a lost human infant, and they try to return him to his tribe."
25,2002-05-03,Spider-Man,174,,3,1,2,,73,403710000,1,6,121,"When bitten by a genetically modified spider, a nerdy, shy, and awkward high school student gains spider-like abilities that he eventually must use to fight evil as a superhero after tragedy befalls his family."
26,2002-05-08,Zus & zo,146,,13,5,10,16,50,,0,0,106,"Zus & Zo shows what three sisters are willing to do to stop their would-be sister-in-law from coming into possession of Paraâ€™so, their beloved family summer home on the Portuguese coast."
27,2002-05-08,Lagaan: Once Upon a Time in India,16,,2,2,8,14,84,,0,0,224,The people of a small village in Victorian India stake their future on a game of cricket against their ruthless British rulers.
28,2002-05-16,Star Wars: Episode II - Attack of the Clones,71,,2,1,2,10,54,310680000,0,6,142,"Ten years after initially meeting, Anakin Skywalker shares a forbidden romance with PadmÃ©, while Obi-Wan investigates an assassination attempt on the Senator and discovers a secret clone army crafted for the Jedi."
29,2002-06-14,The Bourne Identity,56,,3,1,15,19,68,121470000,0,1,119,"A man is picked up by a fishing boat, bullet-riddled and suffering from amnesia, before racing to elude assassins and regain his memory."
30,2002-06-21,Minority Report,183,,3,1,15,17,80,132010000,4,26,145,"In a future where a special police unit is able to arrest murderers before they commit their crimes, an officer from that unit is himself accused of a future murder."
31,2002-06-21,Lilo & Stitch,35,53,2,3,2,5,73,145770000,0,6,85,A Hawaiian girl adopts an unusual pet who is actually a notorious extra-terrestrial fugitive from the law.
32,2002-07-12,Road to Perdition,173,,5,6,8,19,72,104050000,3,24,117,Bonds of loyalty are put to the test when a hitman's son witnesses what his father does for a living.
33,2002-08-02,My Big Fat Greek Wedding,95,,2,5,9,16,62,241440000,4,15,95,A young Greek woman falls in love with a non-Greek and struggles to get her family to accept him while she comes to terms with her heritage and cultural identity.
34,2002-08-02,Signs,122,,3,8,15,17,59,227970000,0,3,106,A family living on a farm finds mysterious crop circles in their fields which suggests something more frightening to come.
35,2002-10-18,The Ring,73,,3,12,15,,57,128580000,1,1,115,A journalist must investigate a mysterious videotape which seems to cause the death of anyone in a week of viewing it.
36,2002-11-02,The Twilight Samurai,197,,14,8,11,,82,,0,0,129,A 19th-century samurai tries to protect a battered wife.
37,2002-11-08,8 Mile,44,,5,8,13,,77,116720000,3,5,110,"A young rapper, struggling with every aspect of his life, wants to make it big but his friends and foes make this odyssey of rap harder than it may seem."
38,2002-11-15,Harry Potter and the Chamber of Secrets,32,,2,2,9,10,63,261970000,4,13,161,"Harry ignores warnings not to return to Hogwarts, only to find the school plagued by a series of mysterious attacks and a strange voice haunting him."
39,2002-11-22,Die Another Day,117,,3,1,2,19,56,160200000,0,2,133,James Bond is sent to investigate the connection between a North Korean terrorist and a diamond mogul who is funding the development of an international space weapon.
40,2002-12-18,The Lord of the Rings: The Two Towers,149,,3,2,8,10,88,340480000,25,60,179,"While Frodo and Sam edge closer to Mordor with the help of the shifty Gollum, the divided fellowship makes a stand against Sauron's new ally, Saruman, and his hordes of Isengard."
41,2002-12-25,Catch Me If You Can,183,,3,4,6,8,76,164440000,6,16,141,"The true story of Frank Abagnale Jr. who, before his 19th birthday, successfully conned millions of dollars' worth of checks as a Pan Am pilot, doctor, and legal prosecutor."
42,2003-01-24,Chicago,164,,3,5,6,14,82,170680000,19,63,113,Murderesses Velma Kelly and Roxie Hart find themselves on death row together and fight for the fame that will keep them from the gallows in 1920s Chicago.
43,2003-04-03,Ken Park,115,58,14,8,,,,,0,0,93,Ken Park is about several Californian skateboarders' lives and relationships with and without their parents.
44,2003-04-11,Anger Management,151,,3,5,,,52,133760000,0,0,106,"Dave Buznik is a businessman who is wrongly sentenced to an anger-management program, where he meets an aggressive instructor."
45,2003-05-02,X-Men 2,27,,3,1,2,10,68,214950000,0,3,134,"The X-Men band together to find a mutant assassin who has made an attempt on the President's life, while the Mutant Academy is attacked by military forces."
46,2003-05-15,The Matrix Reloaded,120,113,5,1,17,,62,281490000,0,2,138,"Neo and the rebel leaders estimate that they have 72 hours until 250,000 probes discover Zion and destroy it and its inhabitants. During this, Neo must decide how he can save Trinity from a dark fate in his dreams."
47,2003-05-30,The Italian Job,64,,3,1,6,19,68,106130000,0,0,111,"After being betrayed and left for dead in Italy, Charlie Croker and his team plan an elaborate gold heist against their former ally."
48,2003-05-30,Finding Nemo,9,,1,3,2,5,90,380840000,6,21,100,"After his son is captured in the Great Barrier Reef and taken to Sydney, a timid clownfish sets out on a journey to bring him home."
49,2003-06-20,Hulk,12,,3,1,17,,54,132120000,0,0,138,"Bruce Banner, a genetics researcher with a tragic past, suffers an accident that causes him to transform into a raging green monster when he gets angry."
50,2003-07-02,Terminator 3: Rise of the Machines,102,,5,1,17,19,66,150350000,0,0,109,A cybernetic warrior from a post-apocalyptic future travels back in time to protect a 25-year old drifter and his future wife from a most advanced robotic assassin and to ensure they both survive a nuclear attack.
51,2003-07-09,Pirates of the Caribbean: The Curse of the Black Pearl,73,,3,1,2,10,63,305390000,5,23,143,"Blacksmith Will Turner teams up with eccentric pirate ""Captain"" Jack Sparrow to save his love, the governor's daughter, from Jack's former pirate allies, who are now undead."
52,2003-07-25,Seabiscuit,70,,3,8,11,18,72,120147445,0,12,150,True story of the undersized Depression-era racehorse whose victories lifted not only the spirits of the team behind it but also those of their nation.
53,2003-08-06,Freaky Friday,127,,2,5,9,10,70,110220000,0,2,97,"An overworked mother and her daughter do not get along. When they switch bodies, each is forced to adapt to the other's life for one freaky Friday."
54,2003-11-07,Elf,101,,2,5,9,10,64,173380000,0,0,97,"After inadvertently wreaking havoc on the elf community due to his ungainly size, a man raised as an elf at the North Pole is sent to the U.S. in search of his true identity."
55,2003-12-05,The Last Samurai,59,,5,1,8,11,55,111110000,0,16,154,An American military advisor embraces the Samurai culture he was hired to destroy after he is captured in battle.
56,2003-12-12,Something's Gotta Give,140,,3,5,8,16,66,124590000,1,5,128,A swinger on the cusp of being a senior citizen with a taste for young women falls in love with an accomplished woman closer to his age.
57,2003-12-17,The Lord of the Rings: The Return of the King,149,,3,2,8,10,94,377020000,48,72,201,Gandalf and Aragorn lead the World of Men against Sauron's army to draw his gaze from Frodo and Sam as they approach Mount Doom with the One Ring.
58,2004-03-03,The Room,191,,5,8,,,,,0,0,99,"Johnny is a successful banker who lives happily in a San Francisco townhouse with his fiancÃ©e, Lisa. One day, inexplicably, she gets bored of him and decides to seduce Johnny's best friend, Mark. From there, nothing will be the same again."
59,2004-05-14,Troy,196,,5,2,,,56,133230000,0,1,163,"An adaptation of Homer's great epic, the film follows the assault on Troy by the united Greek forces and chronicles the fates of the men involved."
60,2004-05-19,Shrek 2,8,109,2,3,2,5,75,436470000,7,17,93,Princess Fiona's parents invite her and Shrek to dinner to celebrate her marriage. If only they knew the newlyweds were both ogres.
61,2004-06-04,Harry Potter and the Prisoner of Azkaban,6,,2,2,9,10,82,249360000,3,17,142,"It's Harry's third year at Hogwarts; not only does he have a new ""Defense Against the Dark Arts"" teacher, but there is also trouble brewing. Convicted murderer Sirius Black has escaped the Wizards' Prison and is coming after Harry."
62,2004-06-18,Dodgeball: A True Underdog Story,159,,3,5,18,,55,114320000,0,0,92,A group of misfits enter a Las Vegas dodgeball tournament in order to save their cherished local gym from the onslaught of a corporate health fitness chain.
63,2004-06-30,Spider-Man 2,174,,3,1,2,,83,373380000,3,14,127,Peter Parker is beset with troubles in his failing personal life as he battles a brilliant scientist named Doctor Otto Octavius.
64,2004-07-16,"I, Robot",5,,3,1,15,17,59,144800000,0,0,115,"In 2035, a technophobic cop investigates a crime that may have been perpetrated by a robot, which leads to a larger threat to humanity."
65,2004-07-23,The Bourne Supremacy,145,,3,1,15,19,73,176050000,0,3,108,"When Jason Bourne is framed for a CIA operation gone awry, he is forced to resume his former life as a trained assassin to survive."
66,2004-08-06,Collateral,135,,5,6,8,19,71,100000000,4,23,120,A cab driver finds himself the hostage of an engaging contract killer as he makes his rounds from hit to hit during one night in Los Angeles.
67,2004-11-05,The Incredibles,22,,2,3,1,2,90,261440000,13,30,115,"A family of undercover superheroes, while trying to live the quiet suburban life, are forced into action to save the world."
68,2004-12-10,Ocean's Twelve,182,,3,6,19,,58,125530000,1,3,125,Daniel Ocean recruits one more team member so he can pull off three major European heists in this sequel to Ocean's 11.
69,2004-12-17,A Series of Unfortunate Events,23,,2,2,5,9,62,118630000,5,10,108,"When a massive fire kills their parents, three children are delivered to the custody of cousin and stage actor Count Olaf, who is secretly plotting to steal their parents' vast fortune."
70,2004-12-25,The Aviator,129,,3,4,8,,77,102610000,22,66,170,A biopic depicting the early years of legendary director and aviator Howard Hughes' career from the late 1920s to the mid-1940s.
71,2005-01-28,Million Dollar Baby,41,,3,8,18,,86,100420000,9,32,132,A determined woman works with a hardened boxing trainer to become a professional.
72,2005-02-11,Hitch,11,,3,5,16,,58,177580000,0,3,118,"While helping his latest client woo the fine lady of his dreams, a professional ""date doctor"" finds that his game doesn't quite work on the gossip columnist with whom he's smitten."
73,2005-03-11,Robots,29,36,2,3,2,5,64,128200000,0,2,91,"In a robot world, a young idealistic inventor travels to the big city to join his inspiration's company, only to find himself opposing its sinister new management."
74,2005-05-19,Star Wars: Episode III - Revenge of the Sith,71,,3,1,2,10,68,380260000,2,7,140,"Three years into the Clone Wars, the Jedi rescue Palpatine from Count Dooku. As Obi-Wan pursues a new threat, Anakin acts as a double agent between the Jedi Council and Palpatine and is lured into a sinister plan to rule the galaxy."
75,2005-05-27,Madagascar,61,190,2,3,2,5,57,193140000,0,4,86,"Spoiled by their upbringing and unaware of what wildlife really is, four animals from the New York Central Zoo escape, unwittingly assisted by four absconding penguins, and find themselves in Madagascar."
76,2005-06-10,Mr. & Mrs. Smith,56,,3,1,5,6,55,186340000,0,2,120,A bored married couple is surprised to learn that they are both assassins hired by competing agencies to kill each other.
77,2005-06-15,Batman Begins,40,,3,1,2,,70,205340000,1,14,140,"After training with his mentor, Batman begins his fight to free crime-ridden Gotham City from the corruption that Scarecrow and the League of Shadows have cast upon it."
78,2005-06-29,War of the Worlds,183,,3,2,17,19,73,234280000,2,6,116,"As Earth is invaded by alien tripod fighting machines, one family fights for survival."
79,2005-07-15,Wedding Crashers,47,,5,5,16,,64,209220000,3,5,119,"John Beckwith and Jeremy Grey, a pair of committed womanizers who sneak into weddings to take advantage of the romantic tinge in the air, find themselves at odds with one another when John meets and falls for Claire Cleary."
80,2005-07-15,Charlie and the Chocolate Factory,185,,2,2,5,9,72,206460000,3,17,115,"A young boy wins a tour through the most magnificent chocolate factory in the world, led by the world's most unusual candy maker."
81,2005-08-19,The 40-Year-Old Virgin,107,,5,5,16,,73,109240000,3,9,116,"Goaded by his buddies, a nerdy guy who's never ""done the deed"" only finds the pressure mounting when he meets a single mother."
82,2005-11-18,Walk the Line,85,,3,4,8,13,72,119520000,17,27,136,"A chronicle of country music legend Johnny Cash's life, from his early days on an Arkansas cotton farm to his rise to fame with Sun Records in Memphis, where he recorded alongside Elvis Presley, Jerry Lee Lewis, and Carl Perkins."
83,2005-11-18,Harry Potter and the Goblet of Fire,138,,3,2,9,10,81,289990000,1,12,157,Harry finds himself mysteriously selected as an under-aged competitor in a dangerous tournament between three schools of magic.
84,2005-12-09,"The Chronicles of Narnia: The Lion, the Witch and the Wardrobe",8,,2,2,9,10,75,291710000,5,16,143,Four kids travel through a wardrobe to the land of Narnia and learn of their destiny to free it with the guidance of a mystical lion.
85,2005-12-14,King Kong,149,,3,1,2,8,81,218050000,7,27,187,"After a movie crew travel to a mysterious island to shoot their picture, they encounter a giant and furious gorilla who takes their leading actress and form a special relationship with her, protecting the beautiful lady at all costs."
86,2006-05-05,Mission: Impossible III,82,,3,1,2,19,66,133380000,0,0,126,Agent Ethan Hunt comes into conflict with a dangerous and sadistic arms dealer who threatens his life and his fianceÃ© in response .
87,2006-05-26,X-Men: The Last Stand,25,,3,1,2,10,58,234360000,1,5,104,"When a cure is found to treat mutations, lines are drawn amongst the X-Men, led by Professor Charles Xavier, and the Brotherhood, a band of powerful mutants organized under Xavier's former ally, Magneto."
88,2006-06-09,Cars,96,,1,3,2,5,73,244050000,7,19,117,"A hot-shot race-car named Lightning McQueen gets waylaid in Radiator Springs, where he finds the true meaning of friendship and family."
89,2006-06-28,Superman Returns,27,,3,1,2,17,72,200070000,0,3,154,"Superman reappears after a long absence, but is challenged by an old foe who uses Kryptonian technology for world domination."
90,2006-06-30,The Devil Wears Prada,49,,3,5,8,,62,124730000,3,22,109,"A smart but sensible new graduate lands a job as an assistant to Miranda Priestly, the demanding editor-in-chief of a high fashion magazine."
91,2006-07-07,Pirates of the Caribbean: Dead Man's Chest,73,,3,1,2,10,53,423030000,7,21,151,"Jack Sparrow races to recover the heart of Davy Jones to avoid enslaving his soul to Jones' service, as other friends and foes seek the heart for their own agenda as well."
92,2006-10-06,The Departed,129,,5,6,8,19,85,132370000,17,62,151,An undercover cop and a mole in the police attempt to identify each other while infiltrating an Irish gang in South Boston.
93,2006-11-03,Borat: Cultural Learnings of America for Make Benefit Glorious Nation of Kazakhstan,114,,5,5,,,89,128510000,4,12,84,"Kazakh TV talking head Borat is dispatched to the United States to report on the greatest country in the world. With a documentary crew in tow, Borat becomes more interested in locating and marrying Pamela Anderson."
94,2006-11-17,Casino Royale,128,,3,1,2,19,80,167010000,3,15,144,"Armed with a licence to kill, Secret Agent James Bond sets out on his first mission as 007 and must defeat a weapons dealer in a high stakes game of poker at Casino Royale, but things are not what they seem."
95,2006-11-17,Happy Feet,72,,2,3,5,9,77,197990000,4,13,108,"Into the world of the Emperor Penguins, who find their soul mates through song, a penguin is born who cannot sing. But he can tap dance something fierce!"
96,2006-12-15,The Pursuit of Happyness,66,,3,4,8,,64,162590000,0,6,117,A struggling salesman takes custody of his son as he's poised to begin a life-changing professional endeavor.
97,2006-12-25,Dreamgirls,20,,3,8,13,14,76,103338338,19,50,130,"A trio of black female soul singers cross over to the pop charts in the early 1960s, facing their own personal struggles along the way."
98,2007-03-09,300,198,,5,1,10,,52,210590000,0,6,117,King Leonidas of Sparta and a force of 300 men fight the Persians at Thermopylae in 480 B.C.
99,2007-05-04,Spider-Man 3,174,,3,1,2,,59,336530000,0,3,139,"A strange black entity from another world bonds with Peter Parker and causes inner turmoil as he contends with new villains, temptations, and revenge."
100,2007-05-25,Pirates of the Caribbean: At World's End,73,,3,1,2,10,50,309400000,2,9,169,"Captain Barbossa, Will Turner and Elizabeth Swann must sail off the edge of the map, navigate treachery and betrayal, find Jack Sparrow, and make their final alliances for one last decisive battle."
101,2007-05-31,Death Proof,157,,14,19,,,,,0,0,113,"Two separate sets of voluptuous women are stalked at different times by a scarred stuntman who uses his ""death proof"" cars to execute his murderous plans."
102,2007-06-01,Knocked Up,107,,5,5,16,,85,148730000,1,4,129,"For fun-loving party animal Ben Stone, the last thing he ever expected was for his one-night stand to show up on his doorstep eight weeks later to tell him she's pregnant with his child."
103,2007-06-08,Ocean's Thirteen,182,,3,6,19,,62,117140000,1,2,122,"Danny Ocean rounds up the boys for a third heist, after casino owner Willy Bank double-crosses one of the original eleven, Reuben Tishkoff."
104,2007-06-27,Live Free or Die Hard,119,,3,1,2,19,69,134520000,0,0,128,John McClane and a young hacker join forces to take down master cyber-terrorist Thomas Gabriel in Washington D.C.
105,2007-06-29,Ratatouille,22,,1,3,5,9,96,206440000,11,22,111,A rat who can cook makes an unusual alliance with a young kitchen worker at a famous restaurant.
106,2007-07-03,Transformers,134,,3,1,2,17,61,318760000,2,7,144,"An ancient struggle between two Cybertronian races, the heroic Autobots and the evil Decepticons, comes to Earth, with a clue to the ultimate power held by a teenager."
107,2007-07-11,Harry Potter and the Order of the Phoenix,52,,3,2,9,10,71,292000000,1,10,138,"With their warning about Lord Voldemort's return scoffed at, Harry and Dumbledore are targeted by the Wizard authorities as an authoritarian bureaucrat slowly seizes power at Hogwarts."
108,2007-07-20,Hairspray,2,,2,5,8,9,81,118820000,5,21,117,Pleasantly plump teenager Tracy Turnblad teaches 1962 Baltimore a thing or two about integration after landing a spot on a local TV dance show.
109,2007-08-03,The Bourne Ultimatum,145,,3,1,15,19,85,227140000,7,18,115,Jason Bourne dodges a ruthless CIA official and his agents from a new assassination program while searching for the origins of his life as a trained killer.
110,2007-08-17,Superbad,75,,5,5,,,76,121460000,0,5,113,Two co-dependent high school seniors are forced to deal with separation anxiety after their plan to stage a booze-soaked party goes awry.
111,2007-11-02,Bee Movie,180,181,2,3,2,5,54,126600000,0,3,91,"Barry B. Benson, a bee just graduated from college, is disillusioned at his lone career choice: making honey. On a special trip outside the hive, Barry's life is saved by Vanessa, a florist in New York City. As their relationship blossoms, he discovers humans actually eat honey, and subsequently decides to sue them."
112,2007-11-02,American Gangster,162,,5,4,6,8,76,130130000,1,14,157,"In 1970s America, a detective works to bring down the drug empire of Frank Lucas, a heroin kingpin from Manhattan, who is smuggling the drug into the country from the Far East."
113,2007-11-21,Enchanted,111,,2,3,5,9,75,127710000,1,8,107,"A princess, who is prepared to be wed, is sent away to New York by an evil queen, where she falls in love with a lawyer."
114,2007-12-14,I Am Legend,65,,3,8,12,17,65,256390000,0,2,101,"Years after a plague kills most of humanity and transforms the rest into monsters, the sole survivor in New York City struggles valiantly to find a cure."
115,2007-12-25,Juno,87,,3,5,8,,81,143490000,14,35,96,"Faced with an unplanned pregnancy, an offbeat young woman makes an unusual decision regarding her unborn child."
116,2008-05-02,Iron Man,101,,3,1,2,17,79,318300000,1,13,126,"After being held captive in an Afghan cave, billionaire engineer Tony Stark creates a unique weaponized suit of armor to fight evil."
117,2008-05-16,Revanche,74,,14,6,8,16,84,,0,2,121,Ex-con Alex plans to flee to the South with his girl after a robbery. But something terrible happens and revenge seems inevitable.
118,2008-05-22,Indiana Jones and the Kingdom of the Crystal Skull,183,,3,1,2,10,65,317010000,0,9,122,"Famed archaeologist/adventurer Dr. Henry ""Indiana"" Jones is called back into action when he becomes entangled in a Soviet plot to uncover the secret behind mysterious artifacts known as the Crystal Skulls."
119,2008-05-30,Sex and the City,136,,5,5,8,16,53,152640000,0,3,145,A New York writer on sex and love is finally getting married to her Mr. Big. But her three best girlfriends must console her after one of them inadvertently leads Mr. Big to jilt her.
120,2008-06-06,Kung Fu Panda,99,126,2,3,1,2,73,215400000,0,10,92,"The Dragon Warrior has to clash against the savage Tai Lung as China's fate hangs in the balance: However, the Dragon Warrior mantle is supposedly mistaken to be bestowed upon an obese panda who is a tyro in martial arts."
121,2008-06-06,You Don't Mess with the Zohan,54,,3,1,5,,54,100020000,0,0,113,An Israeli Special Forces Soldier fakes his death so he can re-emerge in New York City as a hair stylist.
122,2008-06-13,The Incredible Hulk,121,,3,1,2,17,61,134520000,0,0,112,"Bruce Banner, a scientist on the run from the U.S. Government, must find a cure for the monster he emerges whenever he loses his temper. However, Banner then must fight a soldier who unleashes himself as a threat stronger than he."
123,2008-06-27,WALL E,9,,1,3,2,9,94,223810000,25,38,98,"In the distant future, a small waste-collecting robot inadvertently embarks on a space journey that will ultimately decide the fate of mankind."
124,2008-06-27,Wanted,187,,5,1,6,10,64,134570000,0,2,110,"A frustrated office worker learns that he is the son of a professional assassin, and that he shares his father's superhuman killing abilities."
125,2008-07-18,The Dark Knight,40,,3,1,6,8,82,533320000,27,65,152,"When the menace known as the Joker wreaks havoc and chaos on the people of Gotham, the caped crusader must come to terms with one of the greatest psychological tests of his ability to fight injustice."
126,2008-07-18,Mamma Mia!,155,,3,5,9,14,51,143700000,1,12,108,The story of a bride-to-be trying to find her real father told using hit songs by the popular '70s group ABBA.
127,2008-07-25,"Angus, Thongs and Perfect Snogging",78,,3,5,8,16,,,0,1,100,"The story centers on a 14-year-old girl who keeps a diary about the ups and downs of being a teenager, including the things she learns about kissing."
128,2008-07-25,Step Brothers,1,,5,5,,,51,100470000,0,0,98,Two aimless middle-aged losers still living at home are forced against their will to become roommates when their parents marry.
129,2008-08-13,Tropic Thunder,19,,5,1,5,,71,110420000,3,14,107,"Through a series of freak occurrences, a group of actors shooting a big-budget war movie are forced to become the soldiers they are portraying."
130,2008-11-14,Quantum of Solace,123,,3,1,2,,58,168370000,0,8,106,"James Bond descends into mystery as he tries to stop a mysterious organization from eliminating a country's most valuable resource. All the while, he still tries to seek revenge over the death of his love."
131,2008-11-21,Bolt,28,37,2,3,2,5,67,114050000,0,6,96,The canine star of a fictional sci-fi/action show that believes his powers are real embarks on a cross country trek to save his co-star from a threat he believes is just as real.
132,2008-11-21,Twilight,30,,3,8,10,16,56,191450000,3,4,122,A teenage girl risks everything when she falls in love with a vampire.
133,2008-12-25,Slumdog Millionaire,45,,5,8,,,86,141320000,33,64,120,"A Mumbai teen reflects on his upbringing in the slums when he is accused of cheating on the Indian Version of ""Who Wants to be a Millionaire?"""
134,2008-12-25,The Curious Case of Benjamin Button,48,,3,8,10,16,70,127490000,14,64,166,"Tells the story of Benjamin Button, a man who starts aging backwards with bizarre consequences."
135,2009-01-09,Gran Torino,41,,5,8,,,72,148090000,0,5,116,"Disgruntled Korean War veteran Walt Kowalski sets out to reform his neighbor, a Hmong teenager who tried to steal Kowalski's prized possession: a 1972 Gran Torino."
136,2009-03-06,Watchmen,198,,5,1,8,15,56,107500000,1,2,162,"In 1985 where former superheroes exist, the murder of a colleague sends active vigilante Rorschach into his own sprawling investigation, uncovering something that could completely change the course of history as we know it."
137,2009-05-08,Star Trek,82,,3,1,2,17,82,257700000,3,22,127,The brash James T. Kirk tries to live up to his father's legacy with Mr. Spock keeping him in check as a vengeful Romulan from the future creates black holes to destroy the Federation one planet at a time.
138,2009-05-29,Up,147,21,2,3,2,5,88,292980000,17,32,96,"Seventy-eight year old Carl Fredricksen travels to Paradise Falls in his home equipped with balloons, inadvertently taking a young stowaway."
139,2009-06-05,The Hangover,188,,5,5,,,73,277310000,3,8,100,"Three buddies wake up from a bachelor party in Las Vegas, with no memory of the previous night and the bachelor missing. They make their way around the city in order to find their friend before his wedding."
140,2009-07-15,Harry Potter and the Half-Blood Prince,52,,2,2,9,10,78,301960000,0,9,153,"As Harry Potter begins his sixth year at Hogwarts, he discovers an old book marked as ""the property of the Half-Blood Prince"" and begins to learn more about Lord Voldemort's dark past."
141,2009-08-14,District 9,142,,5,1,17,19,81,115650000,8,40,112,An extraterrestrial race forced to live in slum-like conditions on Earth suddenly finds a kindred spirit in a government agent who is exposed to their biotechnology.
142,2009-08-21,Inglourious Basterds,157,,5,2,8,20,69,120520000,26,64,153,"In Nazi-occupied France during World War II, a plan to assassinate Nazi leaders by a group of Jewish U.S. soldiers coincides with a theatre owner's vengeful plans for the same."
143,2009-11-20,The Blind Side,97,,3,4,8,18,53,255950000,3,6,129,"The story of Michael Oher, a homeless and traumatized boy who became an All American football player and first round NFL draft pick with the help of a caring woman and her family."
144,2009-12-11,The Princess and the Frog,168,98,1,3,2,5,73,104370000,1,10,97,"A waitress, desperate to fulfill her dreams as a restaurant owner, is set on a journey to turn a frog prince back into a human being, but she has to face the same problem after she kisses him."
145,2009-12-18,Avatar,83,,3,1,2,10,83,760510000,16,46,162,A paraplegic marine dispatched to the moon Pandora on a unique mission becomes torn between following his orders and protecting the world he feels is his home.
146,2009-12-25,It's Complicated,140,,5,5,8,16,57,112700000,0,6,120,"When attending their son's college graduation, a couple reignite the spark in their relationship. But the complicated fact is they're divorced and he's remarried."
147,2009-12-25,Sherlock Holmes,79,,3,1,2,6,57,209020000,2,4,128,Detective Sherlock Holmes and his stalwart partner Watson engage in a battle of wits and brawn with a nemesis whose plot is a threat to all of England.
148,2010-02-19,Shutter Island,129,,5,15,19,,63,127970000,0,6,138,"In 1954, a U.S. marshal investigates the disappearance of a murderess who escaped from a hospital for the criminally insane."
149,2010-03-05,Alice in Wonderland,185,,2,2,9,10,53,334190000,6,21,108,"Nineteen-year-old Alice returns to the magical world from her childhood adventure, where she reunites with her old friends and learns of her true destiny: to end the Red Queen's reign of terror."
150,2010-03-12,Hachi: A Dog's Tale,116,,1,8,9,,,,0,0,93,A college professor's bond with the abandoned dog he takes into his home.
151,2010-03-26,How to Train Your Dragon,53,35,2,3,1,2,74,217390000,1,12,98,"A hapless young Viking who aspires to hunt dragons becomes the unlikely friend of a young dragon himself, and learns there may be more to the creatures than he assumed."
152,2010-05-07,Iron Man 2,101,,3,1,2,17,57,312060000,2,4,124,"With the world now aware of his identity as Iron Man, Tony Stark must contend with both his declining health and a vengeful mad man with ties to his father's legacy."
153,2010-05-14,Robin Hood,162,,3,1,2,8,53,105220000,0,5,140,"In 12th century England, Robin and his band of marauders confront corruption in a local village and lead an uprising against the crown that will forever alter the balance of world power."
154,2010-05-26,Unthinkable,76,,5,8,19,,,,0,0,97,A psychological thriller centered around a black-ops interrogator and an FBI agent who press a suspect terrorist into divulging the location of three nuclear weapons set to detonate in the U.S.
155,2010-06-11,The Karate Kid,81,,2,1,8,9,61,176590000,0,2,140,"Work causes a single mother to move to China with her young son; in his new home, the boy embraces kung fu, taught to him by a master."
156,2010-06-18,Toy Story 3,118,,1,3,2,5,92,414980000,15,35,103,"The toys are mistakenly delivered to a day-care center instead of the attic right before Andy leaves for college, and it's up to Woody to convince the other toys that they weren't abandoned and to return home."
157,2010-06-30,The Twilight Saga: Eclipse,51,,3,2,8,10,58,300520000,4,5,124,"As a string of mysterious killings grips Seattle, Bella, whose high school graduation is fast approaching, is forced to choose between her love for vampire Edward and her friendship with werewolf Jacob."
158,2010-07-09,Despicable Me,34,156,2,3,2,5,72,251500000,0,8,95,"When a criminal mastermind uses a trio of orphan girls as pawns for a grand scheme, he finds their love is profoundly changing him for the better."
159,2010-07-16,Inception,40,,3,1,2,17,74,292570000,24,60,148,"A thief, who steals corporate secrets through use of dream-sharing technology, is given the inverse task of planting an idea into the mind of a CEO."
160,2010-07-23,Salt,154,,3,1,6,15,65,118310000,0,1,100,A CIA agent goes on the run after a defector accuses her of being a Russian spy.
161,2010-08-06,The Other Guys,1,,3,1,5,6,64,119220000,0,1,107,Two mismatched New York City detectives seize an opportunity to step up like the city's top cops whom they idolize -- only things don't quite go as planned.
162,2010-09-22,Outside the Law,158,,13,6,8,20,59,,0,0,138,A drama about the Algerian struggle for independence from France after WWII.
163,2010-11-19,Harry Potter and the Deathly Hallows: Part 1,52,,3,2,9,10,65,294980000,0,9,146,"As Harry races against time and evil to destroy the Horcruxes, he uncovers the existence of three most powerful objects in the wizarding world: the Deathly Hallows."
164,2010-11-24,Tangled,141,28,2,3,2,5,71,200810000,0,8,100,"The magically long-haired Rapunzel has spent her entire life in a tower, but now that a runaway thief has stumbled upon her, she is about to discover the world for the first time, and who she really is."
165,2010-12-17,Black Swan,46,,5,8,19,,79,106950000,19,74,108,"A committed dancer wins the lead role in a production of Tchaikovsky's ""Swan Lake"" only to find herself struggling to maintain her sanity."
166,2010-12-22,True Grit,62,94,3,2,8,21,80,171030000,8,53,110,A tough U.S. Marshal helps a stubborn teenager track down her father's murderer.
167,2010-12-25,The King's Speech,189,,5,4,8,,88,138800000,26,73,118,"The story of King George VI of the United Kingdom of Great Britain and Northern Ireland, his impromptu ascension to the throne and the speech therapist who helped the unsure monarch become worthy of it."
168,2011-03-04,Rango,73,,2,3,2,5,75,123210000,11,14,107,"Rango is an ordinary chameleon who accidentally winds up in the town of Dirt, a lawless outpost in the Wild West in desperate need of a new sheriff."
169,2011-04-15,Rio,29,,1,3,2,5,63,143620000,0,2,96,"When Blu, a domesticated macaw from small-town Minnesota, meets the fiercely independent Jewel, he takes off on an adventure to Rio de Janeiro with the bird of his dreams."
170,2011-04-29,Fast Five,108,,3,1,6,19,67,209810000,0,2,131,Dominic Toretto and his crew of street racers plan a massive heist to buy their freedom while in the sights of a powerful Brazilian drug lord and a dangerous federal agent.
171,2011-05-06,Thor,110,,3,1,2,10,57,181020000,0,2,115,"The powerful but arrogant god Thor is cast out of Asgard to live amongst humans in Midgard (Earth), where he soon becomes one of their finest defenders."
172,2011-05-13,Bridesmaids,144,,5,5,16,,75,169080000,4,24,125,"Competition between the maid of honor and a bridesmaid, over who is the bride's best friend, threatens to upend the life of an out-of-work pastry chef."
173,2011-05-26,Kung Fu Panda 2,91,,2,3,1,2,67,165230000,0,7,90,"Po and his friends fight to stop a peacock villain from conquering China with a deadly new weapon, but first the Dragon Warrior must come to terms with his past."
174,2011-06-03,X-Men: First Class,132,,3,1,2,17,65,146410000,1,5,132,"In 1962, the United States government enlists the help of Mutants with superhuman abilities to stop a malicious dictator who is determined to start World War III."
175,2011-06-10,Super 8,82,,3,15,17,19,72,126980000,1,8,112,"During the summer of 1979, a group of friends witness a train crash and investigate subsequent unexplained events in their small town."
176,2011-06-24,Cars 2,96,,1,3,2,5,57,191450000,0,3,106,Star race car Lightning McQueen and his pal Mater head overseas to compete in the World Grand Prix race. But the road to the championship becomes rocky as Mater gets caught up in an intriguing adventure of his own: international espionage.
177,2011-07-08,Horrible Bosses,176,,5,5,6,,57,117530000,0,1,98,Three friends conspire to murder their awful bosses when they realize they are standing in the way of their happiness.
178,2011-07-15,Harry Potter and the Deathly Hallows: Part 2,52,,3,2,8,10,87,380960000,12,26,130,"Harry, Ron and Hermione search for Voldemort's remaining Horcruxes in their effort to destroy the Dark Lord as the final battle rages on at Hogwarts."
179,2011-07-22,Captain America: The First Avenger,92,,3,1,2,17,66,176640000,0,2,124,"Steve Rogers, a rejected military soldier transforms into Captain America after taking a dose of a ""Super-Soldier serum"". But being Captain America comes at a price as he attempts to take down a war monger and a terrorist organization."
180,2011-08-05,Rise of the Planet of the Apes,171,,3,1,8,17,68,176740000,2,6,105,"A substance, designed to help the brain repair itself, gives rise to a super-intelligent chimp who leads an ape uprising."
181,2011-08-10,The Help,184,,3,8,,,62,169710000,13,44,146,"An aspiring author during the civil rights movement of the 1960s decides to write a book detailing the African American maids' point of view on the white families for which they work, and the hardships they go through on a daily basis."
182,2011-10-28,Puss in Boots,33,,2,3,1,2,65,149230000,0,5,90,"An outlaw cat, his childhood egg-friend and a seductive thief kitty set out in search for the eggs of the fabled Golden Goose to clear his name, restore his lost honor and regain the trust of his mother and town."
183,2011-12-21,Mission: Impossible - Ghost Protocol,22,,3,1,2,19,73,209360000,0,3,133,"The IMF is shut down when it's implicated in the bombing of the Kremlin, causing Ethan Hunt and his new team to go rogue to clear their organization's name."
184,2011-12-21,The Girl with the Dragon Tattoo,48,,5,6,8,15,71,102520000,4,23,158,"Journalist Mikael Blomkvist is aided in his search for a woman who has been missing for forty years by Lisbeth Salander, a young computer hacker."
185,2012-03-16,21 Jump Street,39,153,5,1,5,6,69,138450000,0,3,110,A pair of underachieving cops are sent back to a local high school to blend in and bring down a synthetic drug ring.
186,2012-03-23,The Hunger Games,70,,3,1,2,17,68,408000000,7,13,142,"Katniss Everdeen voluntarily takes her younger sister's place in the Hunger Games, a televised competition in which two teenagers from each of the twelve Districts of Panem are chosen at random to fight to the death."
187,2012-05-04,The Avengers,106,,3,1,17,,69,623280000,2,16,143,Earth's mightiest heroes must come together and learn to fight as a team if they are to stop the mischievous Loki and his alien army from enslaving humanity.
188,2012-06-01,Snow White and the Huntsman,170,,3,1,2,8,57,155110000,0,5,127,"In a twist to the fairy tale, the Huntsman ordered to take Snow White into the woods to be killed winds up becoming her protector and mentor in a quest to vanquish the Evil Queen."
189,2012-06-08,Prometheus,162,,5,2,15,17,65,126460000,0,4,124,Following clues to the origin of mankind a team journey across the universe and find a structure on a distant moon containing a monolithic statue of a humanoid head and stone cylinders of alien blood but they soon find they are not alone.
190,2012-06-22,Brave,24,125,2,3,2,5,69,237280000,3,11,93,"Determined to make her own path in life, Princess Merida defies a custom that brings chaos to her kingdom. Granted one wish, Merida must rely on her bravery and her archery skills to undo a beastly curse."
191,2012-06-29,Ted,177,,5,5,10,,62,218630000,2,8,106,"John Bennett, a man whose childhood wish of bringing his teddy bear to life came true, now must decide between keeping the relationship with the bear or his girlfriend, Lori."
192,2012-06-29,Magic Mike,182,,5,5,8,,72,113710000,1,3,110,"A male stripper teaches a younger performer how to party, pick up women, and make easy money."
193,2012-07-03,The Amazing Spider-Man,124,,3,1,2,,66,262030000,0,7,136,"After Peter Parker is bitten by a genetically altered spider, he gains newfound, spider-like powers and ventures out to solve the mystery of his parent's mysterious death."
194,2012-07-20,The Dark Knight Rises,40,,3,1,19,,78,448130000,3,23,164,"Eight years after the Joker's reign of anarchy, the Dark Knight, with the help of the enigmatic Selina, is forced from his imposed exile to save Gotham City, now on the edge of total annihilation, from the brutal guerrilla terrorist Bane."
195,2012-08-10,The Bourne Legacy,192,,3,1,2,15,61,113170000,0,1,135,"An expansion of the universe from Robert Ludlum's novels, centered on a new hero whose stakes have been triggered by the events of the previous three films."
196,2012-10-12,Argo,18,,5,4,8,11,86,136020000,25,60,120,"Acting under the cover of a Hollywood producer scouting a location for a science fiction film, a CIA agent launches a dangerous operation to rescue six Americans in Tehran during the U.S. hostage crisis in Iran in 1980."
197,2012-11-02,Wreck-It Ralph,161,,2,3,2,5,72,189410000,4,12,101,"A video game villain wants to be a hero and sets out to fulfill his dream, but his quest brings havoc to the whole arcade where he lives."
198,2012-11-09,Skyfall,173,,3,1,2,19,81,304360000,16,39,143,"Bond's loyalty to M is tested when her past comes back to haunt her. Whilst MI6 comes under attack, 007 must track down and destroy the threat, no matter how personal the cost."
199,2012-11-16,Lincoln,183,,3,4,8,11,86,182200000,19,74,150,"As the Civil War continues to rage, America's president struggles with continuing carnage on the battlefield as he fights with many inside his own cabinet on the decision to emancipate the slaves."
200,2012-11-16,The Twilight Saga: Breaking Dawn - Part 2,20,,3,2,8,10,52,292300000,1,3,115,"After the birth of Renesmee, the Cullens gather other vampire clans in order to protect the child from a false allegation that puts the family in front of the Volturi."
201,2012-11-21,Life of Pi,12,,2,2,8,10,79,124980000,10,44,127,"A young man who survives a disaster at sea is hurtled into an epic journey of adventure and discovery. While cast away, he forms an unexpected connection with another survivor: a fearsome Bengal tiger."
202,2012-12-14,The Hobbit: An Unexpected Journey,149,,3,2,10,,58,303000000,1,15,169,"A reluctant hobbit, Bilbo Baggins, sets out to the Lonely Mountain with a spirited group of dwarves to reclaim their mountain home - and the gold within it - from the dragon Smaug."
203,2012-12-25,Silver Linings Playbook,50,,5,5,8,16,81,132090000,17,44,122,"After a stint in a mental institution, former teacher Pat Solitano moves back in with his parents and tries to reconcile with his ex-wife. Things get more challenging when Pat meets Tiffany, a mysterious girl with problems of her own."
204,2012-12-25,Les Misérables,189,,3,8,14,16,63,148780000,21,63,158,"In 19th-century France, Jean Valjean, who for decades has been hunted by the ruthless policeman Javert after breaking parole, agrees to care for a factory worker's daughter. The decision changes their lives forever."
205,2012-12-25,Django Unchained,157,,5,8,21,,81,162800000,7,27,165,"With the help of a German bounty hunter, a freed slave sets out to rescue his wife from a brutal Mississippi plantation owner."
206,2013-03-22,The Croods,112,35,2,3,2,5,55,187170000,0,5,98,"After their cave is destroyed, a caveman family must trek through an unfamiliar fantastical world with the help of an inventive boy."
207,2013-05-03,Iron Man 3,179,,3,1,2,17,62,408990000,2,10,130,"When Tony Stark's world is torn apart by a formidable terrorist called the Mandarin, he starts an odyssey of rebuilding and retribution."
208,2013-05-10,The Great Gatsby,17,,3,8,16,,55,144810000,6,14,143,"A writer and wall street trader, Nick, finds himself drawn to the past and lifestyle of his millionaire neighbor, Jay Gatsby."
209,2013-05-16,Star Trek Into Darkness,82,,3,1,2,17,72,228760000,0,11,132,"After the crew of the Enterprise find an unstoppable force of terror from within their own organization, Captain Kirk leads a manhunt to a war-zone world to capture a one-man weapon of mass destruction."
210,2013-05-24,Fast & Furious 6,108,,3,1,6,19,61,238670000,0,3,130,"Hobbs has Dominic and Brian reassemble their crew to take down a team of mercenaries: Dominic unexpectedly gets convoluted also facing his presumed deceased girlfriend, Letty."
211,2013-05-31,Now You See Me,121,,3,6,15,19,50,117700000,1,1,115,An FBI agent and an Interpol detective track a team of illusionists who pull off bank heists during their performances and reward their audiences with the money.
212,2013-06-12,This Is the End,178,63,5,5,10,,67,101470000,1,2,107,"While attending a party at James Franco's house, Seth Rogen, Jay Baruchel and many other celebrities are faced with the apocalypse."
213,2013-06-14,Man of Steel,198,,3,1,2,10,55,291020000,0,4,143,"Clark Kent, one of the last of an extinguished race disguised as an unremarkable human, is forced to reveal his identity when Earth is invaded by an army of survivors who threaten to bring the planet to the brink of destruction."
214,2013-06-21,World War Z,123,,3,1,2,12,63,202350000,0,3,116,"Former United Nations employee Gerry Lane traverses the world in a race against time to stop the Zombie pandemic that is toppling armies and governments, and threatening to destroy humanity itself."
215,2013-07-03,Despicable Me 2,34,156,2,3,2,5,62,368050000,2,12,98,"When Gru, the world's most super-bad turned super-dad has been recruited by a team of officials to stop lethal muscle and a host of Gru's own, He has to fight back with new gadgetry, cars, and more minion madness."
216,2013-07-12,Pacific Rim,77,,3,1,2,17,64,101790000,1,8,131,"As a war between humankind and monstrous sea creatures wages on, a former pilot and a trainee are paired up to drive a seemingly obsolete special weapon in a desperate effort to save the world from the apocalypse."
217,2013-07-19,The Conjuring,86,,5,12,15,19,68,137390000,1,4,112,Paranormal investigators Ed and Lorraine Warren work to help a family terrorized by a dark presence in their farmhouse.
218,2013-10-04,Gravity,6,,3,2,8,17,96,274080000,49,72,91,Two astronauts work together to survive after an accident which leaves them alone in space.
219,2013-10-11,Captain Phillips,145,,3,4,8,19,83,107100000,5,49,134,"The true story of Captain Richard Phillips and the 2009 hijacking by Somali pirates of the US-flagged MV Maersk Alabama, the first American cargo ship to be hijacked in two hundred years."
220,2013-10-16,Omar,80,,14,8,16,19,75,,0,0,96,A young Palestinian freedom fighter agrees to work as an informant after he's tricked into an admission of guilt by association in the wake of an Israeli soldier's killing.
221,2013-10-25,Jackass Presents: Bad Grandpa,89,,5,5,,,54,101980000,0,0,92,"86-year-old Irving Zisman takes a trip from Nebraska to North Carolina to take his 8 year-old grandson, Billy, back to his real father."
222,2013-11-08,Thor: The Dark World,3,,3,1,2,10,54,206360000,0,1,112,"When Dr. Jane Foster gets cursed with a powerful entity known as the Aether, Thor is heralded of the cosmic event known as the Convergence and the genocidal Dark Elves."
223,2013-11-22,The Hunger Games: Catching Fire,65,,3,1,2,15,76,424650000,3,11,146,Katniss Everdeen and Peeta Mellark become targets of the Capitol after their victory in the 74th Hunger Games sparks a rebellion in the Districts of Panem.
224,2013-11-27,Frozen,90,31,2,3,2,5,74,400740000,12,22,102,"When the newly crowned Queen Elsa accidentally uses her power to turn things into ice to curse her home in infinite winter, her sister, Anna, teams up with a mountain man, his playful reindeer, and a snowman to change the weather condition."
225,2013-12-13,The Hobbit: The Desolation of Smaug,149,,3,2,10,,66,258360000,0,17,161,"The dwarves, along with Bilbo Baggins and Gandalf the Grey, continue their quest to reclaim Erebor, their homeland, from Smaug. Bilbo Baggins is in possession of a mysterious and magical ring."
226,2013-12-20,American Hustle,50,,5,6,8,,90,150120000,20,67,138,"A con man, Irving Rosenfeld, along with his seductive partner Sydney Prosser, is forced to work for a wild FBI agent, Richie DiMaso, who pushes them into a world of Jersey powerbrokers and mafia."
227,2013-12-25,The Wolf of Wall Street,129,,5,4,5,6,75,116870000,3,39,180,"Based on the true story of Jordan Belfort, from his rise to a wealthy stock-broker living the high life to his fall involving crime, corruption and the federal government."
228,2014-01-10,Lone Survivor,148,,5,1,4,8,60,125070000,3,4,121,"Marcus Luttrell and his team set out on a mission to capture or kill notorious Taliban leader Ahmad Shah, in late June 2005. Marcus and his team are left to fight for their lives in one of the most valiant efforts of modern warfare."
229,2014-02-07,The Lego Movie,39,153,2,3,1,2,83,257760000,13,21,100,"An ordinary Lego construction worker, thought to be the prophesied 'Special', is recruited to join a quest to stop an evil tyrant from gluing the Lego universe into eternal stasis."
230,2014-04-04,Captain America: The Winter Soldier,14,93,3,1,2,17,70,259750000,0,7,136,"As Steve Rogers struggles to embrace his role in the modern world, he teams up with a fellow Avenger and S.H.I.E.L.D agent, Black Widow, to battle a new threat from history: an assassin known as the Winter Soldier."
231,2014-05-02,The Amazing Spider-Man 2,124,,3,1,2,17,53,202850000,0,2,142,"When New York is put under siege by Oscorp, it is up to Spider-Man to save the city he swore to protect as well as his loved ones."
232,2014-05-16,Godzilla,67,,3,1,2,17,62,200660000,0,0,123,"The world is beset by the appearance of monstrous creatures, but one of them may be the only one who can save humanity."
233,2014-05-23,X-Men: Days of Future Past,27,,3,1,2,17,74,233910000,2,8,132,The X-Men send Wolverine to the past in a desperate effort to change history and prevent an event that results in doom for both humans and mutants.
234,2014-05-30,Maleficent,165,,2,1,2,9,56,241410000,3,8,97,"A vengeful fairy is driven to curse an infant princess, only to discover that the child may be the one person who can restore peace to their troubled land."
235,2014-06-06,Edge of Tomorrow,56,,3,1,2,17,71,100190000,1,9,113,"A soldier fighting aliens gets to relive the same day over and over again, the day restarting every time he dies."
236,2014-06-06,The Fault in Our Stars,105,,3,8,16,,69,124870000,2,4,126,Two teenage cancer patients begin a life-affirming journey to visit a reclusive author in Amsterdam.
237,2014-06-13,How to Train Your Dragon 2,53,,2,3,1,2,76,177000000,2,12,102,"When Hiccup and Toothless discover an ice cave that is home to hundreds of new wild dragons and the mysterious Dragon Rider, the two friends find themselves at the center of a battle to protect the peace."
238,2014-07-11,Dawn of the Planet of the Apes,131,,3,1,2,8,79,208540000,2,8,130,A growing nation of genetically evolved apes led by Caesar is threatened by a band of human survivors of the devastating virus unleashed a decade earlier.
239,2014-08-01,Guardians of the Galaxy,84,,3,1,2,17,76,333130000,12,23,121,A group of intergalactic criminals are forced to work together to stop a fanatical warrior from taking control of the universe.
240,2014-09-19,The Maze Runner,195,,3,1,15,17,57,102410000,0,1,113,"Thomas is deposited in a community of boys after his memory is erased, soon learning they're all trapped in a maze that will require him to join forces with fellow ""runners"" for a shot at escape."
241,2014-09-26,The Equalizer,15,,5,1,6,19,57,101530000,0,1,132,"A man believes he has put his mysterious past behind him and has dedicated himself to beginning a new, quiet life. But when he meets a young girl under the control of ultra-violent Russian gangsters, he can't stand idly by - he has to help her."
242,2014-10-03,Gone Girl,48,,5,6,8,15,79,167740000,14,39,149,"With his wife's disappearance having become the focus of an intense media circus, a man sees the spotlight turned on him when it's suspected that he may not be innocent."
243,2014-11-07,Big Hero 6,55,37,2,3,1,2,74,222490000,0,10,102,"The special bond that develops between plus-sized inflatable robot Baymax, and prodigy Hiro Hamada, who team up with a group of friends to form a band of high-tech heroes."
244,2014-11-07,Interstellar,40,,3,2,8,17,74,187990000,3,24,169,A team of explorers travel through a wormhole in space in an attempt to ensure humanity's survival.
245,2014-11-21,The Hunger Games: Mockingjay - Part 1,65,,3,2,17,19,64,337100000,0,5,123,"Katniss Everdeen is in District 13 after she shatters the games forever. Under the leadership of President Coin and the advice of her trusted friends, Katniss spreads her wings as she fights to save Peeta and a nation moved by her courage."
246,2014-12-17,The Hobbit: The Battle of the Five Armies,149,,3,2,10,,59,255110000,0,12,144,Bilbo and Company are forced to engage in a war against an array of combatants and keep the Lonely Mountain from falling into the hands of a rising darkness.
247,2014-12-25,Unbroken,13,,3,4,8,18,59,115600000,1,7,137,"After a near-fatal plane crash in WWII, Olympian Louis Zamperini spends a harrowing 47 days in a raft with two fellow crewmen before he's caught by the Japanese navy and sent to a prisoner-of-war camp."
248,2014-12-25,Into the Woods,164,,2,2,5,8,69,128000000,1,22,125,A witch tasks a childless baker and his wife with procuring magical items from classic fairy tales to reverse the curse put on their family tree.
249,2015-01-16,American Sniper,41,,5,1,4,8,72,350120000,5,18,133,"Navy S.E.A.L. sniper Chris Kyle's pinpoint accuracy saves countless lives on the battlefield and turns him into a legend. Back home to his wife and kids after four tours of duty, however, Chris finds that it is the war he can't leave behind."
250,2015-02-05,Leviathan,10,,5,8,,,92,,2,7,140,"In a Russian coastal town, Kolya is forced to fight the corrupt mayor when he is told that his house will be demolished. He recruits a lawyer friend to help, but the man's arrival brings further misfortune for Kolya and his family."
251,2015-02-13,Kingsman: The Secret Service,132,,5,1,2,5,58,128250000,0,2,129,"A spy organization recruits an unrefined, but promising street kid into the agency's ultra-competitive training program, just as a global threat emerges from a twisted tech genius."
252,2015-03-13,Cinderella,110,,2,8,9,10,67,201150000,2,8,105,"When her father unexpectedly passes away, young Ella finds herself at the mercy of her cruel stepmother and her scheming step-sisters. Never one to give up hope, Ella's fortunes begin to change after meeting a dashing stranger."
253,2015-04-03,Furious 7,86,,3,1,6,19,67,350030000,7,11,137,Deckard Shaw seeks revenge against Dominic Toretto and his family for his comatose brother.
254,2015-05-01,Avengers: Age of Ultron,106,,3,1,2,17,66,458990000,0,1,141,"When Tony Stark and Bruce Banner try to jump-start a dormant peacekeeping program called Ultron, things go horribly wrong and it's up to Earth's Mightiest Heroes to stop the villainous Ultron from enacting his terrible plans."
255,2015-05-15,Pitch Perfect 2,60,,3,5,13,,63,183440000,1,2,115,"After a humiliating command performance at The Kennedy Center, the Barden Bellas enter an international competition that no American group has ever won in order to regain their status and right to perform."
256,2015-05-15,Mad Max: Fury Road,72,,5,1,2,17,90,153630000,44,73,120,"A woman rebels against a tyrannical ruler in postapocalyptic Australia in search for her home-land with the help of a group of female prisoners, a psychotic worshipper, and a drifter named Max."
257,2015-06-05,Spy,144,,5,1,5,6,75,110820000,1,7,119,"A desk-bound CIA analyst volunteers to go undercover to infiltrate the world of a deadly arms dealer, and prevent diabolical global disaster."
258,2015-06-12,Jurassic World,42,,3,1,2,17,59,652180000,1,12,124,"A new theme park, built on the original site of Jurassic Park, creates a genetically modified hybrid dinosaur, which escapes containment and goes on a killing spree."
259,2015-06-19,Inside Out,147,,2,3,2,5,94,356450000,14,34,95,"After young Riley is uprooted from her Midwest life and moved to San Francisco, her emotions - Joy, Fear, Anger, Disgust and Sadness - conflict on how best to navigate a new city, house, and school."
260,2015-07-17,Ant-Man,152,,3,1,2,5,64,180190000,0,4,117,"Armed with a super-suit with the astonishing ability to shrink in scale but increase in strength, cat burglar Scott Lang must embrace his inner hero and help his mentor, Dr. Hank Pym, plan and pull off a heist that will save the world."
261,2015-07-31,Mission: Impossible - Rogue Nation,38,,3,1,2,19,75,195000000,0,8,131,"Ethan and team take on their most impossible mission yet, eradicating the Syndicate - an International rogue organization as highly skilled as they are, committed to destroying the IMF."
262,2015-08-14,Straight Outta Compton,64,,5,4,6,8,72,161030000,1,8,147,"The group NWA emerges from the mean streets of Compton in Los Angeles, California, in the mid-1980s and revolutionizes Hip Hop culture with their music and tales about life in the hood."
263,2015-10-02,The Martian,162,,3,2,8,17,80,228430000,7,47,144,"An astronaut becomes stranded on Mars after his team assume him dead, and must rely on his ingenuity to find a way to signal to Earth that he is alive."
264,2015-11-06,Spectre,173,,3,1,2,19,60,200070000,1,7,148,"A cryptic message from Bond's past sends him on a trail to uncover a sinister organization. While M battles political forces to keep the secret service alive, Bond peels back the layers of deceit to reveal the terrible truth behind SPECTRE."
265,2015-11-20,The Hunger Games: Mockingjay - Part 2,65,,3,1,2,17,65,281670000,0,2,137,"As the war of Panem escalates to the destruction of other districts, Katniss Everdeen, the reluctant leader of the rebellion, must bring together an army against President Snow, while all she holds dear hangs in the balance."
266,2015-11-25,Creed,172,,3,8,18,,82,109710000,4,12,133,"The former World Heavyweight Champion Rocky Balboa serves as a trainer and mentor to Adonis Johnson, the son of his late friend and former rival Apollo Creed."
267,2015-11-27,Trumbo,88,,5,4,8,,60,,0,13,124,"In 1947, Dalton Trumbo was Hollywood's top screenwriter, until he and other artists were jailed and blacklisted for their political beliefs."
268,2015-12-03,Land of Mine,130,,5,8,11,20,76,,0,0,100,"A young group of German POWs are made the enemy of a nation, where they are now forced to dig up 2 million land-mines with their bare hands."
269,2015-12-18,Star Wars: The Force Awakens,82,,3,1,2,10,81,936630000,3,23,136,"Three decades after the defeat of the Galactic Empire, a new threat arises. The First Order attempts to rule the galaxy and only a ragtag group of heroes can stop them, along with the help of the Resistance."
270,2016-01-08,The Revenant,4,,5,2,8,19,76,183640000,19,53,156,A frontiersman on a fur trading expedition in the 1820s fights for survival after being mauled by a bear and left for dead by members of his own hunting team.
271,2016-02-12,Deadpool,186,,5,1,2,5,65,363020000,4,15,108,A fast-talking mercenary with a morbid sense of humor is subjected to a rogue experiment that leaves him with accelerated healing powers and a quest for revenge.
272,2016-03-04,Zootopia,28,161,2,3,2,5,78,341260000,5,16,108,"In a city of anthropomorphic animals, a rookie bunny cop and a cynical con artist fox must work together to uncover a conspiracy."
273,2016-04-15,The Jungle Book,101,,2,2,8,9,77,364000000,4,12,106,"After a threat from the tiger Shere Khan forces him to flee the jungle, a man-cub named Mowgli embarks on a journey of self discovery with the help of panther, Bagheera, and free spirited bear, Baloo."
274,2016-05-06,Captain America: Civil War,14,93,3,1,2,17,75,408080000,0,6,147,Political interference in the Avengers' activities causes a rift between former allies Captain America and Iron Man.
275,2016-07-08,The Secret Life of Pets,34,,2,3,2,5,61,368310000,0,3,87,"The quiet life of a terrier named Max is upended when his owner takes in Duke, a stray whom Max instantly dislikes."
276,2016-07-22,Star Trek Beyond,108,,3,1,2,17,68,158804470,0,2,122,"The USS Enterprise crew explores the furthest reaches of uncharted space, where they encounter a new ruthless enemy who puts them and everything the Federation stands for to the test."
277,2016-09-02,Leviathan,26,,12,7,4,,73,,0,0,111,"An in-depth look at the life and work of American journalist James Foley, who was killed by ISIS terrorists in 2014."
278,2016-09-09,Sully,41,,3,4,8,,74,125030000,1,7,96,"The story of Chesley Sullenberger, an American pilot who became a hero after landing his damaged plane on the Hudson River in order to save the flight's passengers and crew."
279,2016-11-04,Trolls,137,194,2,3,2,5,56,151290000,1,7,92,"After the Bergens invade Troll Village, Poppy, the happiest Troll ever born, and the curmudgeonly Branch set off on a journey to rescue her friends."
280,2016-11-04,Doctor Strange,175,,3,1,2,10,72,231910330,2,16,115,A former neurosurgeon embarks on a journey of healing only to be drawn into the world of the mystic arts.
281,2016-11-18,Fantastic Beasts and Where to Find Them,52,,3,2,9,10,66,229180000,2,13,133,The adventures of writer Newt Scamander in New York's secret community of witches and wizards seventy years before Harry Potter reads his book in school.
282,2016-11-23,Moana,98,168,2,3,2,5,81,233410000,0,11,107,"In Ancient Polynesia, when a terrible curse incurred by the Demigod Maui reaches an impetuous Chieftain's daughter's island, she answers the Ocean's call to seek out the Demigod to set things right."
283,2016-12-16,Rogue One: A Star Wars Story,67,,3,1,2,17,65,501900000,0,6,133,"The Rebel Alliance makes a risky move to steal the plans for the Death Star, setting up the epic saga to follow."
284,2016-12-21,Sing,69,,2,3,5,8,59,238240000,0,3,108,"In a city of humanoid animals, a hustling theater impresario's attempt to save his theater with a singing competition becomes grander than he anticipates even as its finalists' find that their lives will never be the same."
285,2016-12-23,The Autopsy of Jane Doe,7,,5,12,,,63,,0,0,86,"A father and son, both coroners, are pulled into a complex mystery while attempting to identify the body of a young woman, who was apparently harboring dark secrets."
286,2017-01-20,Split,122,,3,12,19,,76,,0,1,117,After three girls are kidnapped by a man with 24 distinct personalities they must find some of the different personalities that can help them while running away and staying alive from the others.
287,2017-01-26,The Girl with All the Gifts,43,,5,8,12,19,69,,1,4,111,A scientist and a teacher living in a dystopian future embark on a journey of survival with a special young girl named Melanie.
288,2017-02-24,Get Out,103,,5,12,15,19,84,175850000,17,46,104,"It's time for a young African-American to meet with his white girlfriend's parents for a weekend in their secluded estate in the woods, but before long, the friendly and polite ambience will give way to a nightmare."
289,2017-03-03,Logan,85,,5,1,8,17,77,226280000,1,15,137,"In the near future, a weary Logan cares for an ailing Professor X, somewhere on the Mexican border. However, Logan's attempts to hide from the world, and his legacy, are upended when a young mutant arrives, pursued by dark forces."
290,2017-03-10,Kong: Skull Island,104,,3,1,2,10,62,168050000,0,0,118,"A team of scientists explore an uncharted island in the Pacific, venturing into the domain of the mighty Kong, and must fight to escape a primal Eden."
291,2017-03-17,Beauty and the Beast,20,,2,9,10,14,65,504010000,2,10,129,An adaptation of the fairy tale about a monstrous-looking prince and a young woman who fall in love.
292,2017-05-05,Guardians of the Galaxy Vol. 2,84,,3,1,2,17,67,389810000,1,2,136,The Guardians must fight to keep their newfound family together as they unravel the mystery of Peter Quill's true parentage.
293,2017-06-28,Baby Driver,57,,5,1,6,13,86,107830000,3,11,112,"After being coerced into working for a crime boss, a young getaway driver finds himself taking part in a heist doomed to fail."
294,2017-07-14,War for the Planet of the Apes,131,,3,1,2,8,82,146880000,4,8,140,"After the apes suffer unimaginable losses, Caesar wrestles with his darker instincts and begins his own mythic quest to avenge his kind."
295,2017-07-21,Dunkirk,40,,3,1,8,11,94,188370000,9,43,106,"Allied soldiers from Belgium, the British Empire and France are surrounded by the German Army, and evacuated during a fierce battle in World War II."
296,2017-11-21,Coco,118,,2,3,2,5,81,202700000,14,19,105,"Aspiring musician Miguel, confronted with his family's ancestral ban on music, enters the Land of the Dead to find his great-great-grandfather, a legendary singer."
297,2017-12-15,Star Wars: The Last Jedi,160,,3,1,2,10,85,610800000,0,11,152,"Rey develops her newly discovered abilities with the guidance of Luke Skywalker, who is unsettled by the strength of her powers. Meanwhile, the Resistance prepares for battle with the First Order."
